{
  "loss": [
    4.91737699508667,
    3.628493309020996,
    3.0803072452545166,
    2.576841354370117,
    2.1093504428863525,
    1.672797441482544,
    1.3189640045166016,
    1.0391845703125,
    0.8253551125526428,
    0.6597714424133301,
    0.5364211201667786,
    0.438944548368454,
    0.2993415594100952,
    0.24305200576782227,
    0.216732919216156
  ],
  "sparse_categorical_accuracy": [
    0.312689870595932,
    0.44701850414276123,
    0.5046231150627136,
    0.5534203052520752,
    0.6010515689849854,
    0.6524693369865417,
    0.7042890191078186,
    0.752052903175354,
    0.7933236956596375,
    0.8292943239212036,
    0.8573126196861267,
    0.8809264898300171,
    0.9175323843955994,
    0.9316399097442627,
    0.9382523894309998
  ],
  "val_loss": [
    3.995558977127075,
    3.3859739303588867,
    2.9048547744750977,
    2.4957165718078613,
    2.182593822479248,
    1.9696381092071533,
    1.8319041728973389,
    1.7573041915893555,
    1.7186397314071655,
    1.7263667583465576,
    1.727888584136963,
    1.7389625310897827,
    1.7287417650222778,
    1.7490193843841553,
    1.7771153450012207
  ],
  "val_sparse_categorical_accuracy": [
    0.40616607666015625,
    0.4779992997646332,
    0.530646562576294,
    0.5735440254211426,
    0.6135169267654419,
    0.6461314558982849,
    0.6723079085350037,
    0.6893784999847412,
    0.6997167468070984,
    0.7028990983963013,
    0.7104043960571289,
    0.7141019105911255,
    0.7204482555389404,
    0.7226925492286682,
    0.7208345532417297
  ],
  "learning_rate": [
    0.00020080000103916973,
    0.0004005999944638461,
    0.0006003999733366072,
    0.0008001999813131988,
    0.0010000000474974513,
    0.0010000000474974513,
    0.0010000000474974513,
    0.0010000000474974513,
    0.0010000000474974513,
    0.0010000000474974513,
    0.0010000000474974513,
    0.0010000000474974513,
    0.0005000000237487257,
    0.0005000000237487257,
    0.0005000000237487257
  ]
}