{
  "loss": [
    3.0677762031555176,
    1.9726765155792236,
    1.4444078207015991,
    1.0673604011535645,
    0.7869006395339966,
    0.5764679312705994,
    0.414052814245224,
    0.2974562644958496,
    0.22263683378696442,
    0.17530576884746552,
    0.10964430123567581,
    0.08223538845777512,
    0.07612304389476776
  ],
  "sparse_categorical_accuracy": [
    0.458567351102829,
    0.5968527793884277,
    0.6801478862762451,
    0.7493845224380493,
    0.8073751926422119,
    0.8540072441101074,
    0.8926565647125244,
    0.9221964478492737,
    0.9422012567520142,
    0.9548242688179016,
    0.9724672436714172,
    0.978559672832489,
    0.9797948598861694
  ],
  "val_loss": [
    2.3062539100646973,
    1.7370994091033936,
    1.408284068107605,
    1.2238622903823853,
    1.117483139038086,
    1.0719096660614014,
    1.0549076795578003,
    1.0642881393432617,
    1.0773411989212036,
    1.1007845401763916,
    1.0780282020568848,
    1.0981154441833496,
    1.1144040822982788
  ],
  "val_sparse_categorical_accuracy": [
    0.5489707589149475,
    0.6346009969711304,
    0.6938310861587524,
    0.7316120862960815,
    0.7575138211250305,
    0.7687783241271973,
    0.7769858241081238,
    0.780940055847168,
    0.7842462658882141,
    0.7831497192382812,
    0.7937995195388794,
    0.7945803999900818,
    0.7944807410240173
  ],
  "learning_rate": [
    0.0010000000474974513,
    0.0010000000474974513,
    0.0010000000474974513,
    0.0010000000474974513,
    0.0010000000474974513,
    0.0010000000474974513,
    0.0010000000474974513,
    0.0010000000474974513,
    0.0010000000474974513,
    0.0010000000474974513,
    0.0005000000237487257,
    0.0005000000237487257,
    0.0005000000237487257
  ]
}