{
  "accuracy": [
    0.349190354347229,
    0.46472597122192383,
    0.5076988935470581,
    0.5343907475471497,
    0.5513609647750854,
    0.5646378993988037,
    0.5742585062980652,
    0.584373414516449,
    0.5942668318748474,
    0.6007884740829468,
    0.6117585301399231,
    0.618833601474762,
    0.6229531764984131,
    0.6292302012443542,
    0.6361037492752075,
    0.6402413845062256,
    0.6441618204116821,
    0.647153377532959,
    0.6520711779594421,
    0.6563547849655151,
    0.6606477499008179,
    0.6618695259094238,
    0.6641436219215393,
    0.6681801676750183,
    0.6710792779922485,
    0.6731310486793518,
    0.6768137812614441,
    0.6790626049041748,
    0.6810570359230042,
    0.6825681924819946,
    0.6843351125717163,
    0.6871379613876343,
    0.6868565082550049,
    0.6893352270126343,
    0.6918594241142273,
    0.6938990950584412,
    0.6952276229858398,
    0.6984419226646423,
    0.6988877058029175,
    0.6990028023719788,
    0.7000652551651001,
    0.6993794441223145,
    0.7060099244117737,
    0.709518551826477,
    0.7111064791679382,
    0.7127939462661743,
    0.7137385010719299,
    0.7139888405799866,
    0.7160043120384216,
    0.7167826294898987,
    0.7167444229125977,
    0.7173395156860352,
    0.7178292274475098,
    0.7202482223510742,
    0.7223604321479797,
    0.7232756018638611,
    0.7245468497276306,
    0.7245041728019714,
    0.7252597212791443,
    0.7255737781524658,
    0.7266546487808228,
    0.7275058031082153,
    0.7279003262519836,
    0.728272557258606,
    0.7289174199104309,
    0.7285100817680359,
    0.728788435459137,
    0.7288477420806885,
    0.7301275730133057,
    0.7308207154273987,
    0.7305125594139099,
    0.7310296893119812,
    0.7311593294143677,
    0.7311051487922668,
    0.7317957282066345,
    0.7312742471694946,
    0.7316664457321167,
    0.7320398092269897,
    0.7317074537277222,
    0.7316961288452148,
    0.7323693037033081,
    0.7319832444190979,
    0.731721818447113,
    0.731902003288269,
    0.732775866985321,
    0.7319830060005188
  ],
  "loss": [
    2.2478344440460205,
    1.7380622625350952,
    1.5683619976043701,
    1.4694703817367554,
    1.404456615447998,
    1.3516137599945068,
    1.3148308992385864,
    1.2754887342453003,
    1.2406772375106812,
    1.2150176763534546,
    1.1756430864334106,
    1.1516677141189575,
    1.1360366344451904,
    1.1133208274841309,
    1.0880969762802124,
    1.0728648900985718,
    1.0591888427734375,
    1.0488556623458862,
    1.0309489965438843,
    1.0152148008346558,
    0.999031126499176,
    0.9979538917541504,
    0.9869060516357422,
    0.9730597138404846,
    0.9632465839385986,
    0.9549671411514282,
    0.9420953989028931,
    0.9337393641471863,
    0.9285731911659241,
    0.9230133295059204,
    0.9164801836013794,
    0.9059975743293762,
    0.9066647887229919,
    0.8993374705314636,
    0.8894476294517517,
    0.8832805156707764,
    0.8769808411598206,
    0.8676325678825378,
    0.8659382462501526,
    0.867594838142395,
    0.8646754026412964,
    0.8664513826370239,
    0.8402178883552551,
    0.8281978964805603,
    0.8227314352989197,
    0.8179031014442444,
    0.8150715231895447,
    0.8121337890625,
    0.8054672479629517,
    0.8035830855369568,
    0.8047016859054565,
    0.8036191463470459,
    0.802179217338562,
    0.7908610105514526,
    0.7842514514923096,
    0.7816164493560791,
    0.7775307893753052,
    0.7767763733863831,
    0.774925172328949,
    0.7750775218009949,
    0.7691097259521484,
    0.7655158638954163,
    0.7643855810165405,
    0.7649073600769043,
    0.7610417604446411,
    0.762096107006073,
    0.7590437531471252,
    0.7612056136131287,
    0.756717324256897,
    0.7548127174377441,
    0.7549154758453369,
    0.7525470852851868,
    0.7514669895172119,
    0.7520484328269958,
    0.7509033679962158,
    0.7509101033210754,
    0.7504044771194458,
    0.7510538101196289,
    0.7501063942909241,
    0.7507576942443848,
    0.7488517165184021,
    0.7501500248908997,
    0.7497568130493164,
    0.7489985823631287,
    0.7486030459403992,
    0.7486492395401001
  ],
  "val_accuracy": [
    0.47071024775505066,
    0.5220567584037781,
    0.551636278629303,
    0.5737558007240295,
    0.5781533122062683,
    0.5847670435905457,
    0.6047499775886536,
    0.6075339913368225,
    0.6239091157913208,
    0.6298293471336365,
    0.637647807598114,
    0.6507896780967712,
    0.6491363644599915,
    0.6580511331558228,
    0.6669943332672119,
    0.6734999418258667,
    0.6756419539451599,
    0.6775795221328735,
    0.6850566864013672,
    0.6858352422714233,
    0.6883808374404907,
    0.688676118850708,
    0.695369303226471,
    0.6977499127388,
    0.6973862648010254,
    0.7019772529602051,
    0.7011249661445618,
    0.7068071365356445,
    0.7081023454666138,
    0.7082102298736572,
    0.7122330069541931,
    0.7123295068740845,
    0.7150567173957825,
    0.7103123664855957,
    0.7200453877449036,
    0.7186137437820435,
    0.7223068475723267,
    0.7226307392120361,
    0.7277442812919617,
    0.7232953906059265,
    0.7279830574989319,
    0.7234886288642883,
    0.7313750386238098,
    0.7323236465454102,
    0.7372329831123352,
    0.737142026424408,
    0.7379716634750366,
    0.7381820678710938,
    0.7391817569732666,
    0.7426647543907166,
    0.737352192401886,
    0.7396078705787659,
    0.7404488921165466,
    0.744954526424408,
    0.745482861995697,
    0.7464203238487244,
    0.7477784156799316,
    0.7466760873794556,
    0.7471249103546143,
    0.7463864088058472,
    0.7487897872924805,
    0.7486703395843506,
    0.7498239278793335,
    0.7482784986495972,
    0.750482976436615,
    0.7487727999687195,
    0.7485112547874451,
    0.7497782707214355,
    0.7504319548606873,
    0.7509942650794983,
    0.7507783770561218,
    0.7511533498764038,
    0.7514432668685913,
    0.7507725954055786,
    0.7518465518951416,
    0.7515454888343811,
    0.7520965337753296,
    0.7519828677177429,
    0.7517386078834534,
    0.7522556781768799,
    0.7516648769378662,
    0.7521818280220032,
    0.7520111799240112,
    0.7517897486686707,
    0.7519146800041199,
    0.7521363496780396
  ],